"Name";"Slug";"KommuneUrl";"Website";"Email";"Phone";"Address";"Status"
"Advania Norge Bedriftsidrettslag";"advania-norge-bedriftsidrettslag";"https://www.asker.kommune.no/frivillighet-og-innbyggersamarbeid/lag-og-foreninger/idrett/advania-norge-bedriftsidrettslag/";" /> 
<link href=";"";"47949248";"";"OK"
"Ak Fryktløs";"ak-fryktlos";"https://www.asker.kommune.no/frivillighet-og-innbyggersamarbeid/lag-og-foreninger/idrett/ak-fryktlos/";" /> 
<link href=";"";"928 18 876";"";"OK"
"Amasone Fotballklubb";"amasone-fotballklubb";"https://www.asker.kommune.no/frivillighet-og-innbyggersamarbeid/lag-og-foreninger/idrett/amasone-fotballklubb/";" /> 
<link href=";"";"92240412";"";"OK"
"Asker Azad Sports & Culture Club";"asker-azad-sports-culture-club";"";"";"";"";"";"NOT_FOUND"
"Asker Basketball Club";"asker-basketball-club";"https://www.asker.kommune.no/frivillighet-og-innbyggersamarbeid/lag-og-foreninger/idrett/asker-basketball-club/";" /> 
<link href=";"";"98121044";"";"OK"
"Asker Biljardklubb";"asker-biljardklubb";"https://www.asker.kommune.no/frivillighet-og-innbyggersamarbeid/lag-og-foreninger/idrett/asker-biljardklubb/";" /> 
<link href=";"";"991 56 670";"";"OK"
"Askerbøringene IL";"askerboringene-il";"https://www.asker.kommune.no/frivillighet-og-innbyggersamarbeid/lag-og-foreninger/idrett/askerboringene-il/";" /> 
<link href=";"";"97502475";"";"OK"
"Asker Bryteklubb";"asker-bryteklubb";"https://www.asker.kommune.no/frivillighet-og-innbyggersamarbeid/lag-og-foreninger/idrett/asker-bryteklubb/";" /> 
<link href=";"";"";"";"OK"
"Asker Cykleklubb";"asker-cykleklubb";"https://www.asker.kommune.no/frivillighet-og-innbyggersamarbeid/lag-og-foreninger/idrett/asker-cykleklubb/";" /> 
<link href=";"";"922 84 984";"";"OK"
"Asker Fleridrettslag";"asker-fleridrettslag";"https://www.asker.kommune.no/frivillighet-og-innbyggersamarbeid/lag-og-foreninger/idrett/asker-fleridrettslag/";" /> 
<link href=";"";"";"";"OK"
"Asker Fotball Kvinner VF";"asker-fotball-kvinner-vf";"https://www.asker.kommune.no/frivillighet-og-innbyggersamarbeid/lag-og-foreninger/idrett/asker-fotball-kvinner-vf/";" /> 
<link href=";"";"92400542";"";"OK"
"Asker Functional Fitnessklubb";"asker-functional-fitnessklubb";"https://www.asker.kommune.no/frivillighet-og-innbyggersamarbeid/lag-og-foreninger/idrett/asker-functional-fitnessklubb/";" /> 
<link href=";"";"";"";"OK"
"Asker Helsesportlag";"asker-helsesportlag";"https://www.asker.kommune.no/frivillighet-og-innbyggersamarbeid/lag-og-foreninger/idrett/asker-helsesportlag/";" /> 
<link href=";"";"95138597";"";"OK"
"Asker Jeger Og Fiskeforening";"asker-jeger-og-fiskeforening";"https://www.asker.kommune.no/frivillighet-og-innbyggersamarbeid/lag-og-foreninger/idrett/asker-jeger-og-fiskeforening/";" /> 
<link href=";"";"";"";"OK"
"Asker Kunstløp Klubb Akk";"asker-kunstlop-klubb-akk";"https://www.asker.kommune.no/frivillighet-og-innbyggersamarbeid/lag-og-foreninger/idrett/asker-kunstlop-klubb-akk/";" /> 
<link href=";"";"45002383";"";"OK"
"Asker Miniracing Club";"asker-miniracing-club";"https://www.asker.kommune.no/frivillighet-og-innbyggersamarbeid/lag-og-foreninger/idrett/asker-miniracing-club/";" /> 
<link href=";"";"";"";"OK"
"Asker Modellklubb";"asker-modellklubb";"https://www.asker.kommune.no/frivillighet-og-innbyggersamarbeid/lag-og-foreninger/idrett/asker-modellklubb/";" /> 
<link href=";"";"91960919";"";"OK"
"Asker Skyteklubb";"asker-skyteklubb";"https://www.asker.kommune.no/frivillighet-og-innbyggersamarbeid/lag-og-foreninger/idrett/asker-skyteklubb/";" /> 
<link href=";"";"66901970";"";"OK"
"Asker Trekkhundklubb";"asker-trekkhundklubb";"https://www.asker.kommune.no/frivillighet-og-innbyggersamarbeid/lag-og-foreninger/idrett/asker-trekkhundklubb/";" /> 
<link href=";"";"";"";"OK"
"Billingstad Idrettsforening";"billingstad-idrettsforening";"https://www.asker.kommune.no/frivillighet-og-innbyggersamarbeid/lag-og-foreninger/idrett/billingstad-idrettsforening/";" /> 
<link href=";"";"900 15 334";"";"OK"
"Asker Og Omegn Rytterforening";"asker-og-omegn-rytterforening";"";"";"";"";"";"NOT_FOUND"
"Bødalen Idrettsforening";"bodalen-idrettsforening";"https://www.asker.kommune.no/frivillighet-og-innbyggersamarbeid/lag-og-foreninger/idrett/bodalen-idrettsforening/";" /> 
<link href=";"";"90859352";"";"OK"
"Borgen Karateklubb";"borgen-karateklubb";"https://www.asker.kommune.no/frivillighet-og-innbyggersamarbeid/lag-og-foreninger/idrett/borgen-karateklubb/";" /> 
<link href=";"";"";"";"OK"
"Dikemark Idrettsforening";"dikemark-idrettsforening";"https://www.asker.kommune.no/frivillighet-og-innbyggersamarbeid/lag-og-foreninger/idrett/dikemark-idrettsforening/";" /> 
<link href=";"";"90741800";"";"OK"
"Dolphin Masters Svømmeklubb";"dolphin-masters-svommeklubb";"https://www.asker.kommune.no/frivillighet-og-innbyggersamarbeid/lag-og-foreninger/idrett/dolphin-masters-svommeklubb/";" /> 
<link href=";"";"95792478";"";"OK"
"Fekteklubben Frie Duellister";"fekteklubben-frie-duellister";"https://www.asker.kommune.no/frivillighet-og-innbyggersamarbeid/lag-og-foreninger/idrett/fekteklubben-frie-duellister/";" /> 
<link href=";"";"900 61 335";"";"OK"
"Frisk Superlag";"frisk-superlag";"https://www.asker.kommune.no/frivillighet-og-innbyggersamarbeid/lag-og-foreninger/idrett/frisk-superlag/";" /> 
<link href=";"";"";"";"OK"
"Hagahogget Lømlag";"hagahogget-lomlag";"";"";"";"";"";"NOT_FOUND"
"Hard Intensiv Trening (Hit)";"hard-intensiv-trening-hit";"https://www.asker.kommune.no/frivillighet-og-innbyggersamarbeid/lag-og-foreninger/idrett/hard-intensiv-trening-hit/";" /> 
<link href=";"";"";"";"OK"
"Heggedal Friidrettsklubb";"heggedal-friidrettsklubb";"https://www.asker.kommune.no/frivillighet-og-innbyggersamarbeid/lag-og-foreninger/idrett/heggedal-friidrettsklubb/";" /> 
<link href=";"";"907 32 049";"";"OK"
"Holmenparken Idrettslag";"holmenparken-idrettslag";"https://www.asker.kommune.no/frivillighet-og-innbyggersamarbeid/lag-og-foreninger/idrett/holmenparken-idrettslag/";" /> 
<link href=";"";"95891911";"";"OK"
"Hurum Croquet Klubb";"hurum-croquet-klubb";"https://www.asker.kommune.no/frivillighet-og-innbyggersamarbeid/lag-og-foreninger/idrett/hurum-croquet-klubb/";" /> 
<link href=";"";"";"";"OK"
"Hurum Krav Maga Klubb";"hurum-krav-maga-klubb";"https://www.asker.kommune.no/frivillighet-og-innbyggersamarbeid/lag-og-foreninger/idrett/hurum-krav-maga-klubb/";" /> 
<link href=";"";"";"";"OK"
"Hurum Rideklubb";"hurum-rideklubb";"https://www.asker.kommune.no/frivillighet-og-innbyggersamarbeid/lag-og-foreninger/idrett/hurum-rideklubb/";" /> 
<link href=";"";"471 78 757";"";"OK"
"Hvalstad Idrettslag";"hvalstad-idrettslag";"https://www.asker.kommune.no/frivillighet-og-innbyggersamarbeid/lag-og-foreninger/idrett/hvalstad-idrettslag/";" /> 
<link href=";"";"957 02 489";"";"OK"
"Landøya IL";"landoya-il";"https://www.asker.kommune.no/frivillighet-og-innbyggersamarbeid/lag-og-foreninger/idrett/landoya-il/";" /> 
<link href=";"";"458 63 528";"";"OK"
"Løkka 1-2-3";"lokka-1-2-3";"https://www.asker.kommune.no/frivillighet-og-innbyggersamarbeid/lag-og-foreninger/idrett/lokka-1-2-3/";" /> 
<link href=";"";"";"";"OK"
"NMK Asker";"nmk-asker";"";"";"";"";"";"NOT_FOUND"
"Norcana Idrettsforening";"norcana-idrettsforening";"https://www.asker.kommune.no/frivillighet-og-innbyggersamarbeid/lag-og-foreninger/idrett/norcana-idrettsforening/";" /> 
<link href=";"";"";"";"OK"
"Nordlys Cricketklubb Asker";"nordlys-cricketklubb-asker";"";"";"";"";"";"NOT_FOUND"
"Nordmarka Skiorienteringsklubb";"nordmarka-skiorienteringsklubb";"https://www.asker.kommune.no/frivillighet-og-innbyggersamarbeid/lag-og-foreninger/idrett/nordmarka-skiorienteringsklubb/";" /> 
<link href=";"";"411 07 425";"";"OK"
"Nordpolen Cricket Klubb Asker";"nordpolen-cricket-klubb-asker";"https://www.asker.kommune.no/frivillighet-og-innbyggersamarbeid/lag-og-foreninger/idrett/nordpolen-cricket-klubb/";" /> 
<link href=";"";"45548892";"";"OK"
"Norsk If-Båt Klubb";"norsk-if-bat-klubb";"https://www.asker.kommune.no/frivillighet-og-innbyggersamarbeid/lag-og-foreninger/idrett/norsk-if-bat-klubb/";" /> 
<link href=";"";"";"";"OK"
"Ølnesseter Velforening";"olnesseter-velforening";"https://www.asker.kommune.no/frivillighet-og-innbyggersamarbeid/lag-og-foreninger/idrett/olnesseter-velforening/";" /> 
<link href=";"";"412 60 095";"";"OK"
"Ølstad Modellflyklubb";"olstad-modellflyklubb";"https://www.asker.kommune.no/frivillighet-og-innbyggersamarbeid/lag-og-foreninger/idrett/olstad-modellflyklubb/";" /> 
<link href=";"";"95719610";"";"OK"
"Oslofjordens Friluftsråd";"oslofjordens-friluftsrad";"https://www.asker.kommune.no/frivillighet-og-innbyggersamarbeid/lag-og-foreninger/idrett/oslofjordens-friluftsrads/";" /> 
<link href=";"";"";"";"OK"
"Proxdrive Racing Team";"proxdrive-racing-team";"https://www.asker.kommune.no/frivillighet-og-innbyggersamarbeid/lag-og-foreninger/idrett/proxdrive-racing-team/";" /> 
<link href=";"";"";"";"OK"
"Red Crown BK";"red-crown-bk";"https://www.asker.kommune.no/frivillighet-og-innbyggersamarbeid/lag-og-foreninger/idrett/red-crown-bk/";" /> 
<link href=";"";"90891853";"";"OK"
"Royal Sport";"royal-sport";"https://www.asker.kommune.no/frivillighet-og-innbyggersamarbeid/lag-og-foreninger/idrett/royal-sport/";" /> 
<link href=";"";"48297915";"";"OK"
"Røyken Cricket Klubb";"royken-cricket-klubb";"https://www.asker.kommune.no/frivillighet-og-innbyggersamarbeid/lag-og-foreninger/idrett/royken-cricket-klubb/";" /> 
<link href=";"";"";"";"OK"
"Røyken Cykleklubb";"royken-cykleklubb";"https://www.asker.kommune.no/frivillighet-og-innbyggersamarbeid/lag-og-foreninger/idrett/royken-cykleklubb/";" /> 
<link href=";"";"40044410";"";"OK"
"Røyken Handicapidrettslag";"royken-handicapidrettslag";"https://www.asker.kommune.no/frivillighet-og-innbyggersamarbeid/lag-og-foreninger/idrett/royken-handicapidrettslag/";" /> 
<link href=";"";"90562092";"";"OK"
"Røyken Og Hurum Modellflyklubb";"royken-og-hurum-modellflyklubb";"https://www.asker.kommune.no/frivillighet-og-innbyggersamarbeid/lag-og-foreninger/idrett/royken-og-hurum-modellflyklubb/";" /> 
<link href=";"";"992 18 611";"";"OK"
"Røyken Og Hurum Skytterlag";"royken-og-hurum-skytterlag";"https://www.asker.kommune.no/frivillighet-og-innbyggersamarbeid/lag-og-foreninger/idrett/royken-og-hurum-skytterlag-avdeling/";" /> 
<link href=";"";"";"";"OK"
"Røyken Og Hurum Sportsskyttere";"royken-og-hurum-sportsskyttere";"";"";"";"";"";"NOT_FOUND"
"Røyken Og Omegn Rideklubb";"royken-og-omegn-rideklubb";"https://www.asker.kommune.no/frivillighet-og-innbyggersamarbeid/lag-og-foreninger/idrett/royken-og-omegn-rideklubb/";" /> 
<link href=";"";"934 24 101";"";"OK"
"Røyken Orienteringslag";"royken-orienteringslag";"https://www.asker.kommune.no/frivillighet-og-innbyggersamarbeid/lag-og-foreninger/idrett/royken-orienteringslag/";" /> 
<link href=";"";"40241355";"";"OK"
"Røyken Sportsdykkerklubb";"royken-sportsdykkerklubb";"https://www.asker.kommune.no/frivillighet-og-innbyggersamarbeid/lag-og-foreninger/idrett/royken-sportsdykkerklubb/";" /> 
<link href=";"";"";"";"OK"
"Sætre Innebandy";"saetre-innebandy";"";"";"";"";"";"NOT_FOUND"
"Sætre Skateklubb";"saetre-skateklubb";"";"";"";"";"";"NOT_FOUND"
"Slemmestad Brettklubb";"slemmestad-brettklubb";"https://www.asker.kommune.no/frivillighet-og-innbyggersamarbeid/lag-og-foreninger/idrett/slemmestad-brettklubb/";" /> 
<link href=";"";"944 87 661";"";"OK"
"Slemmestad Kajakklubb";"slemmestad-kajakklubb";"https://www.asker.kommune.no/frivillighet-og-innbyggersamarbeid/lag-og-foreninger/idrett/slemmestad-kajakklubb/";" /> 
<link href=";"";"";"";"OK"
"Spuvi";"spuvi";"https://www.asker.kommune.no/frivillighet-og-innbyggersamarbeid/lag-og-foreninger/idrett/spuvi/";" /> 
<link href=";"";"90131088";"";"OK"
"Sunyata Aikido Dojo";"sunyata-aikido-dojo";"https://www.asker.kommune.no/frivillighet-og-innbyggersamarbeid/lag-og-foreninger/idrett/sunyata-aikido-dojo/";" /> 
<link href=";"";"";"";"OK"
"Tangen Watt Og Oksygen Cykleklubb";"tangen-watt-og-oksygen-cykleklubb";"https://www.asker.kommune.no/frivillighet-og-innbyggersamarbeid/lag-og-foreninger/idrett/tangen-watt-og-oksygen-cykleklubb/";" /> 
<link href=";"";"90911250";"";"OK"
"Team Cyan Øst";"team-cyan-ost";"https://www.asker.kommune.no/frivillighet-og-innbyggersamarbeid/lag-og-foreninger/idrett/team-cyan-ost/";" /> 
<link href=";"";"";"";"OK"
"Tofte Idrettslag";"tofte-idrettslag";"https://www.asker.kommune.no/frivillighet-og-innbyggersamarbeid/lag-og-foreninger/idrett/tofte-idrettslag/";" /> 
<link href=";"";"";"";"OK"
"Toneriko-Kai Norge";"toneriko-kai-norge";"https://www.asker.kommune.no/frivillighet-og-innbyggersamarbeid/lag-og-foreninger/idrett/toneriko-kai-norge/";" /> 
<link href=";"";"913 00 858";"";"OK"
"Veteranenes Fallskjermklubb";"veteranenes-fallskjermklubb";"https://www.asker.kommune.no/frivillighet-og-innbyggersamarbeid/lag-og-foreninger/idrett/veteranenes-fallskjermklubb/";" /> 
<link href=";"";"40402780";"";"OK"
"Viken Hockey Solid";"viken-hockey-solid";"https://www.asker.kommune.no/frivillighet-og-innbyggersamarbeid/lag-og-foreninger/idrett/viken-hockey-solid/";" /> 
<link href=";"";"";"";"OK"
"Vingtor RC Club";"vingtor-rc-club";"https://www.asker.kommune.no/frivillighet-og-innbyggersamarbeid/lag-og-foreninger/idrett/vingtor-rc-club/";" /> 
<link href=";"";"932 80 310";"";"OK"
"Warya Idrettsklubb";"warya-idrettsklubb";"https://www.asker.kommune.no/frivillighet-og-innbyggersamarbeid/lag-og-foreninger/idrett/warya-idrettsklubb/";" /> 
<link href=";"";"416 29 521";"";"OK"
