"Name";"Slug";"KommuneUrl";"Website";"Facebook";"Instagram";"Email";"Phone";"Address"
"Advania Norge Bedriftsidrettslag";"advania-norge-bedriftsidrettslag";"https://www.asker.kommune.no/frivillighet-og-innbyggersamarbeid/lag-og-foreninger/idrett/advania-norge-bedriftsidrettslag/";"http://www.advania.no/";"https://www.facebook.com/asker.kommune.no";"https://www.instagram.com/askerkommune";"";"47949248";""
"Ak Fryktløs";"ak-fryktlos";"https://www.asker.kommune.no/frivillighet-og-innbyggersamarbeid/lag-og-foreninger/idrett/ak-fryktlos/";"http://www.fryktlos.no";"https://www.facebook.com/asker.kommune.no";"https://www.instagram.com/askerkommune";"";"928 18 876";""
"Amasone Fotballklubb";"amasone-fotballklubb";"https://www.asker.kommune.no/frivillighet-og-innbyggersamarbeid/lag-og-foreninger/idrett/amasone-fotballklubb/";"http://www.amasone.no";"https://www.facebook.com/asker.kommune.no";"https://www.instagram.com/askerkommune";"";"92240412";""
"Asker Azad Sports & Culture Club";"asker-azad-sports-culture-club";"https://www.asker.kommune.no/frivillighet-og-innbyggersamarbeid/lag-og-foreninger/idrett/asker-azad-sports-culture-club/";"";"";"";"";"";""
"Asker Basketball Club";"asker-basketball-club";"https://www.asker.kommune.no/frivillighet-og-innbyggersamarbeid/lag-og-foreninger/idrett/asker-basketball-club/";"http://www.askeraliens.com";"https://www.facebook.com/asker.kommune.no";"https://www.instagram.com/askerkommune";"";"98121044";""
"Asker Biljardklubb";"asker-biljardklubb";"https://www.asker.kommune.no/frivillighet-og-innbyggersamarbeid/lag-og-foreninger/idrett/asker-biljardklubb/";"";"https://www.facebook.com/asker.kommune.no";"https://www.instagram.com/askerkommune";"";"991 56 670";""
"Askerbøringene IL";"askerboringene-il";"https://www.asker.kommune.no/frivillighet-og-innbyggersamarbeid/lag-og-foreninger/idrett/askerboringene-il/";"http://www.askerboringene.no";"https://www.facebook.com/asker.kommune.no";"https://www.instagram.com/askerkommune";"";"97502475";""
"Asker Bryteklubb";"asker-bryteklubb";"https://www.asker.kommune.no/frivillighet-og-innbyggersamarbeid/lag-og-foreninger/idrett/asker-bryteklubb/";"";"https://www.facebook.com/asker.kommune.no";"https://www.instagram.com/askerkommune";"";"";""
"Asker Cykleklubb";"asker-cykleklubb";"https://www.asker.kommune.no/frivillighet-og-innbyggersamarbeid/lag-og-foreninger/idrett/asker-cykleklubb/";"http://asker-ck.no/";"https://www.facebook.com/asker.kommune.no";"https://www.instagram.com/askerkommune";"";"922 84 984";""
"Asker Fleridrettslag";"asker-fleridrettslag";"https://www.asker.kommune.no/frivillighet-og-innbyggersamarbeid/lag-og-foreninger/idrett/asker-fleridrettslag/";"";"https://www.facebook.com/asker.kommune.no";"https://www.instagram.com/askerkommune";"";"";""
"Asker Fotball Kvinner VF";"asker-fotball-kvinner-vf";"https://www.asker.kommune.no/frivillighet-og-innbyggersamarbeid/lag-og-foreninger/idrett/asker-fotball-kvinner-vf/";"http://www.askerfk.no";"https://www.facebook.com/asker.kommune.no";"https://www.instagram.com/askerkommune";"";"92400542";""
"Asker Functional Fitnessklubb";"asker-functional-fitnessklubb";"https://www.asker.kommune.no/frivillighet-og-innbyggersamarbeid/lag-og-foreninger/idrett/asker-functional-fitnessklubb/";"";"https://www.facebook.com/asker.kommune.no";"https://www.instagram.com/askerkommune";"";"";""
"Asker Helsesportlag";"asker-helsesportlag";"https://www.asker.kommune.no/frivillighet-og-innbyggersamarbeid/lag-og-foreninger/idrett/asker-helsesportlag/";"http://www.askerhelsesportlag.no";"https://www.facebook.com/asker.kommune.no";"https://www.instagram.com/askerkommune";"";"95138597";""
"Asker Jeger Og Fiskeforening";"asker-jeger-og-fiskeforening";"https://www.asker.kommune.no/frivillighet-og-innbyggersamarbeid/lag-og-foreninger/idrett/asker-jeger-og-fiskeforening/";"http://www.asker-jff.no";"https://www.facebook.com/asker.kommune.no";"https://www.instagram.com/askerkommune";"";"";""
"Asker Kunstløp Klubb Akk";"asker-kunstlop-klubb-akk";"https://www.asker.kommune.no/frivillighet-og-innbyggersamarbeid/lag-og-foreninger/idrett/asker-kunstlop-klubb-akk/";"http://www.akk.no";"https://www.facebook.com/asker.kommune.no";"https://www.instagram.com/askerkommune";"";"45002383";""
"Asker Miniracing Club";"asker-miniracing-club";"https://www.asker.kommune.no/frivillighet-og-innbyggersamarbeid/lag-og-foreninger/idrett/asker-miniracing-club/";"http://www.amrc.no";"https://www.facebook.com/asker.kommune.no";"https://www.instagram.com/askerkommune";"";"";""
"Asker Modellklubb";"asker-modellklubb";"https://www.asker.kommune.no/frivillighet-og-innbyggersamarbeid/lag-og-foreninger/idrett/asker-modellklubb/";"http://askermodellklubb.no";"https://www.facebook.com/asker.kommune.no";"https://www.instagram.com/askerkommune";"";"91960919";""
"Asker Skyteklubb";"asker-skyteklubb";"https://www.asker.kommune.no/frivillighet-og-innbyggersamarbeid/lag-og-foreninger/idrett/asker-skyteklubb/";"http://www.askerskyteklubb.no";"https://www.facebook.com/asker.kommune.no";"https://www.instagram.com/askerkommune";"";"66901970";""
"Asker Trekkhundklubb";"asker-trekkhundklubb";"https://www.asker.kommune.no/frivillighet-og-innbyggersamarbeid/lag-og-foreninger/idrett/asker-trekkhundklubb/";"http://asker-trekkhundklubb.webnode.com/";"https://www.facebook.com/asker.kommune.no";"https://www.instagram.com/askerkommune";"";"";""
"Billingstad Idrettsforening";"billingstad-idrettsforening";"https://www.asker.kommune.no/frivillighet-og-innbyggersamarbeid/lag-og-foreninger/idrett/billingstad-idrettsforening/";"http://www.billingstadif.no";"https://www.facebook.com/asker.kommune.no";"https://www.instagram.com/askerkommune";"";"900 15 334";""
"Asker Og Omegn Rytterforening";"asker-og-omegn-rytterforening";"https://www.asker.kommune.no/frivillighet-og-innbyggersamarbeid/lag-og-foreninger/idrett/asker-og-omegn-rytterforening/";"";"";"";"";"";""
"Bødalen Idrettsforening";"bodalen-idrettsforening";"https://www.asker.kommune.no/frivillighet-og-innbyggersamarbeid/lag-og-foreninger/idrett/bodalen-idrettsforening/";"http://www.bodalenif.no";"https://www.facebook.com/asker.kommune.no";"https://www.instagram.com/askerkommune";"";"90859352";""
"Borgen Karateklubb";"borgen-karateklubb";"https://www.asker.kommune.no/frivillighet-og-innbyggersamarbeid/lag-og-foreninger/idrett/borgen-karateklubb/";"";"https://www.facebook.com/asker.kommune.no";"https://www.instagram.com/askerkommune";"";"";""
"Dikemark Idrettsforening";"dikemark-idrettsforening";"https://www.asker.kommune.no/frivillighet-og-innbyggersamarbeid/lag-og-foreninger/idrett/dikemark-idrettsforening/";"http://www.dif.no";"https://www.facebook.com/asker.kommune.no";"https://www.instagram.com/askerkommune";"";"90741800";""
"Dolphin Masters Svømmeklubb";"dolphin-masters-svommeklubb";"https://www.asker.kommune.no/frivillighet-og-innbyggersamarbeid/lag-og-foreninger/idrett/dolphin-masters-svommeklubb/";"";"https://www.facebook.com/asker.kommune.no";"https://www.instagram.com/askerkommune";"";"95792478";""
"Fekteklubben Frie Duellister";"fekteklubben-frie-duellister";"https://www.asker.kommune.no/frivillighet-og-innbyggersamarbeid/lag-og-foreninger/idrett/fekteklubben-frie-duellister/";"http://www.frieduellister.no";"https://www.facebook.com/asker.kommune.no";"https://www.instagram.com/askerkommune";"";"900 61 335";""
"Frisk Superlag";"frisk-superlag";"https://www.asker.kommune.no/frivillighet-og-innbyggersamarbeid/lag-og-foreninger/idrett/frisk-superlag/";"";"https://www.facebook.com/asker.kommune.no";"https://www.instagram.com/askerkommune";"";"";""
"Hagahogget Lømlag";"hagahogget-lomlag";"https://www.asker.kommune.no/frivillighet-og-innbyggersamarbeid/lag-og-foreninger/idrett/hagahogget-lomlag/";"";"";"";"";"";""
"Hard Intensiv Trening (Hit)";"hard-intensiv-trening-hit";"https://www.asker.kommune.no/frivillighet-og-innbyggersamarbeid/lag-og-foreninger/idrett/hard-intensiv-trening-hit/";"http://www.hitrening.no";"https://www.facebook.com/asker.kommune.no";"https://www.instagram.com/askerkommune";"";"";""
"Heggedal Friidrettsklubb";"heggedal-friidrettsklubb";"https://www.asker.kommune.no/frivillighet-og-innbyggersamarbeid/lag-og-foreninger/idrett/heggedal-friidrettsklubb/";"http://heggedal.idrettsforening.no";"https://www.facebook.com/asker.kommune.no";"https://www.instagram.com/askerkommune";"";"907 32 049";""
"Holmenparken Idrettslag";"holmenparken-idrettslag";"https://www.asker.kommune.no/frivillighet-og-innbyggersamarbeid/lag-og-foreninger/idrett/holmenparken-idrettslag/";"http://www.holmenparken.no";"https://www.facebook.com/asker.kommune.no";"https://www.instagram.com/askerkommune";"";"95891911";""
"Hurum Croquet Klubb";"hurum-croquet-klubb";"https://www.asker.kommune.no/frivillighet-og-innbyggersamarbeid/lag-og-foreninger/idrett/hurum-croquet-klubb/";"http://hurumcroquet.no";"https://www.facebook.com/asker.kommune.no";"https://www.instagram.com/askerkommune";"";"";""
"Hurum Krav Maga Klubb";"hurum-krav-maga-klubb";"https://www.asker.kommune.no/frivillighet-og-innbyggersamarbeid/lag-og-foreninger/idrett/hurum-krav-maga-klubb/";"";"https://www.facebook.com/asker.kommune.no";"https://www.instagram.com/askerkommune";"";"";""
"Hurum Rideklubb";"hurum-rideklubb";"https://www.asker.kommune.no/frivillighet-og-innbyggersamarbeid/lag-og-foreninger/idrett/hurum-rideklubb/";"http://hurum-rideklubb.no";"https://www.facebook.com/asker.kommune.no";"https://www.instagram.com/askerkommune";"";"471 78 757";""
"Hvalstad Idrettslag";"hvalstad-idrettslag";"https://www.asker.kommune.no/frivillighet-og-innbyggersamarbeid/lag-og-foreninger/idrett/hvalstad-idrettslag/";"http://www.hvalstadil.no";"https://www.facebook.com/asker.kommune.no";"https://www.instagram.com/askerkommune";"";"957 02 489";""
"Landøya IL";"landoya-il";"https://www.asker.kommune.no/frivillighet-og-innbyggersamarbeid/lag-og-foreninger/idrett/landoya-il/";"";"https://www.facebook.com/asker.kommune.no";"https://www.instagram.com/askerkommune";"";"458 63 528";""
"Løkka 1-2-3";"lokka-1-2-3";"https://www.asker.kommune.no/frivillighet-og-innbyggersamarbeid/lag-og-foreninger/idrett/lokka-1-2-3/";"";"https://www.facebook.com/asker.kommune.no";"https://www.instagram.com/askerkommune";"";"";""
"NMK Asker";"nmk-asker";"https://www.asker.kommune.no/frivillighet-og-innbyggersamarbeid/lag-og-foreninger/idrett/nmk-asker/";"";"";"";"";"";""
"Norcana Idrettsforening";"norcana-idrettsforening";"https://www.asker.kommune.no/frivillighet-og-innbyggersamarbeid/lag-og-foreninger/idrett/norcana-idrettsforening/";"";"https://www.facebook.com/asker.kommune.no";"https://www.instagram.com/askerkommune";"";"";""
"Nordlys Cricketklubb Asker";"nordlys-cricketklubb-asker";"https://www.asker.kommune.no/frivillighet-og-innbyggersamarbeid/lag-og-foreninger/idrett/nordlys-cricketklubb-asker/";"";"";"";"";"";""
"Nordmarka Skiorienteringsklubb";"nordmarka-skiorienteringsklubb";"https://www.asker.kommune.no/frivillighet-og-innbyggersamarbeid/lag-og-foreninger/idrett/nordmarka-skiorienteringsklubb/";"";"https://www.facebook.com/asker.kommune.no";"https://www.instagram.com/askerkommune";"";"411 07 425";""
"Nordpolen Cricket Klubb Asker";"nordpolen-cricket-klubb-asker";"https://www.asker.kommune.no/frivillighet-og-innbyggersamarbeid/lag-og-foreninger/idrett/nordpolen-cricket-klubb-asker/";"";"";"";"";"";""
"Norsk If-Båt Klubb";"norsk-if-bat-klubb";"https://www.asker.kommune.no/frivillighet-og-innbyggersamarbeid/lag-og-foreninger/idrett/norsk-if-bat-klubb/";"http://www.ifklubben.no";"https://www.facebook.com/asker.kommune.no";"https://www.instagram.com/askerkommune";"";"";""
"Ølnesseter Velforening";"olnesseter-velforening";"https://www.asker.kommune.no/frivillighet-og-innbyggersamarbeid/lag-og-foreninger/idrett/olnesseter-velforening/";"";"https://www.facebook.com/asker.kommune.no";"https://www.instagram.com/askerkommune";"";"412 60 095";""
"Ølstad Modellflyklubb";"olstad-modellflyklubb";"https://www.asker.kommune.no/frivillighet-og-innbyggersamarbeid/lag-og-foreninger/idrett/olstad-modellflyklubb/";"";"https://www.facebook.com/asker.kommune.no";"https://www.instagram.com/askerkommune";"";"95719610";""
"Oslofjordens Friluftsråd";"oslofjordens-friluftsrad";"https://www.asker.kommune.no/frivillighet-og-innbyggersamarbeid/lag-og-foreninger/idrett/oslofjordens-friluftsrad/";"";"";"";"";"";""
"Proxdrive Racing Team";"proxdrive-racing-team";"https://www.asker.kommune.no/frivillighet-og-innbyggersamarbeid/lag-og-foreninger/idrett/proxdrive-racing-team/";"";"https://www.facebook.com/asker.kommune.no";"https://www.instagram.com/askerkommune";"";"";""
"Red Crown BK";"red-crown-bk";"https://www.asker.kommune.no/frivillighet-og-innbyggersamarbeid/lag-og-foreninger/idrett/red-crown-bk/";"http://klubber.bowling.no/red_crown_bk/";"https://www.facebook.com/asker.kommune.no";"https://www.instagram.com/askerkommune";"";"90891853";""
"Royal Sport";"royal-sport";"https://www.asker.kommune.no/frivillighet-og-innbyggersamarbeid/lag-og-foreninger/idrett/royal-sport/";"";"https://www.facebook.com/asker.kommune.no";"https://www.instagram.com/askerkommune";"";"48297915";""
"Røyken Cricket Klubb";"royken-cricket-klubb";"https://www.asker.kommune.no/frivillighet-og-innbyggersamarbeid/lag-og-foreninger/idrett/royken-cricket-klubb/";"";"https://www.facebook.com/asker.kommune.no";"https://www.instagram.com/askerkommune";"";"";""
"Røyken Cykleklubb";"royken-cykleklubb";"https://www.asker.kommune.no/frivillighet-og-innbyggersamarbeid/lag-og-foreninger/idrett/royken-cykleklubb/";"http://Cykleklubb.no";"https://www.facebook.com/asker.kommune.no";"https://www.instagram.com/askerkommune";"";"40044410";""
"Røyken Handicapidrettslag";"royken-handicapidrettslag";"https://www.asker.kommune.no/frivillighet-og-innbyggersamarbeid/lag-og-foreninger/idrett/royken-handicapidrettslag/";"";"https://www.facebook.com/asker.kommune.no";"https://www.instagram.com/askerkommune";"";"90562092";""
"Røyken Og Hurum Modellflyklubb";"royken-og-hurum-modellflyklubb";"https://www.asker.kommune.no/frivillighet-og-innbyggersamarbeid/lag-og-foreninger/idrett/royken-og-hurum-modellflyklubb/";"http://www.rhmfk.org";"https://www.facebook.com/asker.kommune.no";"https://www.instagram.com/askerkommune";"";"992 18 611";""
"Røyken Og Hurum Skytterlag";"royken-og-hurum-skytterlag";"https://www.asker.kommune.no/frivillighet-og-innbyggersamarbeid/lag-og-foreninger/idrett/royken-og-hurum-skytterlag/";"";"https://www.facebook.com/asker.kommune.no";"https://www.instagram.com/askerkommune";"";"";""
"Røyken Og Hurum Sportsskyttere";"royken-og-hurum-sportsskyttere";"https://www.asker.kommune.no/frivillighet-og-innbyggersamarbeid/lag-og-foreninger/idrett/royken-og-hurum-sportsskyttere/";"";"";"";"";"";""
"Røyken Og Omegn Rideklubb";"royken-og-omegn-rideklubb";"https://www.asker.kommune.no/frivillighet-og-innbyggersamarbeid/lag-og-foreninger/idrett/royken-og-omegn-rideklubb/";"";"https://www.facebook.com/asker.kommune.no";"https://www.instagram.com/askerkommune";"";"934 24 101";""
"Røyken Orienteringslag";"royken-orienteringslag";"https://www.asker.kommune.no/frivillighet-og-innbyggersamarbeid/lag-og-foreninger/idrett/royken-orienteringslag/";"http://www.roykenolag.no";"https://www.facebook.com/asker.kommune.no";"https://www.instagram.com/askerkommune";"";"40241355";""
"Røyken Sportsdykkerklubb";"royken-sportsdykkerklubb";"https://www.asker.kommune.no/frivillighet-og-innbyggersamarbeid/lag-og-foreninger/idrett/royken-sportsdykkerklubb/";"http://www.rsdk.no";"https://www.facebook.com/asker.kommune.no";"https://www.instagram.com/askerkommune";"";"";""
"Sætre Innebandy";"saetre-innebandy";"https://www.asker.kommune.no/frivillighet-og-innbyggersamarbeid/lag-og-foreninger/idrett/saetre-innebandy/";"";"";"";"";"";""
"Sætre Skateklubb";"saetre-skateklubb";"https://www.asker.kommune.no/frivillighet-og-innbyggersamarbeid/lag-og-foreninger/idrett/saetre-skateklubb/";"";"";"";"";"";""
"Slemmestad Brettklubb";"slemmestad-brettklubb";"https://www.asker.kommune.no/frivillighet-og-innbyggersamarbeid/lag-og-foreninger/idrett/slemmestad-brettklubb/";"";"https://www.facebook.com/asker.kommune.no";"https://www.instagram.com/askerkommune";"";"944 87 661";""
"Slemmestad Kajakklubb";"slemmestad-kajakklubb";"https://www.asker.kommune.no/frivillighet-og-innbyggersamarbeid/lag-og-foreninger/idrett/slemmestad-kajakklubb/";"";"https://www.facebook.com/asker.kommune.no";"https://www.instagram.com/askerkommune";"";"";""
"Spuvi";"spuvi";"https://www.asker.kommune.no/frivillighet-og-innbyggersamarbeid/lag-og-foreninger/idrett/spuvi/";"";"https://www.facebook.com/asker.kommune.no";"https://www.instagram.com/askerkommune";"";"90131088";""
"Sunyata Aikido Dojo";"sunyata-aikido-dojo";"https://www.asker.kommune.no/frivillighet-og-innbyggersamarbeid/lag-og-foreninger/idrett/sunyata-aikido-dojo/";"http://www.sunyata.no";"https://www.facebook.com/asker.kommune.no";"https://www.instagram.com/askerkommune";"";"";""
"Tangen Watt Og Oksygen Cykleklubb";"tangen-watt-og-oksygen-cykleklubb";"https://www.asker.kommune.no/frivillighet-og-innbyggersamarbeid/lag-og-foreninger/idrett/tangen-watt-og-oksygen-cykleklubb/";"";"https://www.facebook.com/asker.kommune.no";"https://www.instagram.com/askerkommune";"";"90911250";""
"Team Cyan Øst";"team-cyan-ost";"https://www.asker.kommune.no/frivillighet-og-innbyggersamarbeid/lag-og-foreninger/idrett/team-cyan-ost/";"";"https://www.facebook.com/asker.kommune.no";"https://www.instagram.com/askerkommune";"";"";""
"Tofte Idrettslag";"tofte-idrettslag";"https://www.asker.kommune.no/frivillighet-og-innbyggersamarbeid/lag-og-foreninger/idrett/tofte-idrettslag/";"";"https://www.facebook.com/asker.kommune.no";"https://www.instagram.com/askerkommune";"";"";""
"Toneriko-Kai Norge";"toneriko-kai-norge";"https://www.asker.kommune.no/frivillighet-og-innbyggersamarbeid/lag-og-foreninger/idrett/toneriko-kai-norge/";"";"https://www.facebook.com/asker.kommune.no";"https://www.instagram.com/askerkommune";"";"913 00 858";""
"Veteranenes Fallskjermklubb";"veteranenes-fallskjermklubb";"https://www.asker.kommune.no/frivillighet-og-innbyggersamarbeid/lag-og-foreninger/idrett/veteranenes-fallskjermklubb/";"http://www.fallskjermveteranene.com";"https://www.facebook.com/asker.kommune.no";"https://www.instagram.com/askerkommune";"";"40402780";""
"Viken Hockey Solid";"viken-hockey-solid";"https://www.asker.kommune.no/frivillighet-og-innbyggersamarbeid/lag-og-foreninger/idrett/viken-hockey-solid/";"";"https://www.facebook.com/asker.kommune.no";"https://www.instagram.com/askerkommune";"";"";""
"Vingtor RC Club";"vingtor-rc-club";"https://www.asker.kommune.no/frivillighet-og-innbyggersamarbeid/lag-og-foreninger/idrett/vingtor-rc-club/";"http://www.vingtor.org/";"https://www.facebook.com/asker.kommune.no";"https://www.instagram.com/askerkommune";"";"932 80 310";""
"Warya Idrettsklubb";"warya-idrettsklubb";"https://www.asker.kommune.no/frivillighet-og-innbyggersamarbeid/lag-og-foreninger/idrett/warya-idrettsklubb/";"";"https://www.facebook.com/asker.kommune.no";"https://www.instagram.com/askerkommune";"";"416 29 521";""
